Annual Energy (kWh),Annual Savings (INR),System Cost (INR),Payback Period (years)
11557.23353630643,69343.40121783857,250000,3.605245713498223
