Model,MAE,RMSE,R²,MAPE (%)
XGBoost,0.0049848919185594915,0.008303833243074165,0.9980371231555888,4.3547538248775775
Random Forest,0.003434040246294831,0.006946463594371496,0.9986263903238753,2.6842069385095577
LightGBM,0.004526394825242151,0.008509128618191216,0.9979388671268493,4.150362785788119
