Tilt Angle (°),Annual Energy (kWh)
0,2338.0796585154894
5,2360.9224861826815
10,2380.4704583342495
15,2386.7113529681747
20,2380.7778341630756
25,2377.85591473172
30,2369.4005731077846
35,2352.85666579845
40,2329.773799522609
45,2297.4537332755945
50,2253.9531867267046
55,2210.2478656700014
60,2171.1648552639667
