Tilt Angle (°),Annual Energy (kWh)
0,9223.508714950167
5,9327.843951606119
10,9418.787759785857
15,9456.983740478372
20,9446.647567980697
25,9446.323894115416
30,9429.5614821376
35,9384.290642350772
40,9309.6875339208
45,9198.900370830035
50,9043.63249580906
55,8888.48236426512
60,8752.294406459878
