Model,MAE,RMSE,R²,MAPE (%)
XGBoost,0.0006511815066971886,0.0012413810191604807,0.9999867236325138,0.49504913220128194
Random Forest,3.990127767780023e-06,4.866693044443906e-05,0.9999999795949824,0.003689513053425271
LightGBM,0.0006310397094828834,0.0011537895448532432,0.9999885310868982,0.5299929370008857
